Item,Value,Qty,Package,Designator,Notes
Op amp,MCP6022-I/P,1,DIP-8,U1,"Dual; one half is the follower, the other is spare. Rail to rail in and out, which is the whole reason for it — see the README before substituting."
Resistor,1k 1% metal film,1,Through hole,R1,Between the follower output and the converter pin. With C1 this is the only bandlimiting in the path.
Capacitor,4.7nF C0G/NP0,1,Through hole,C1,With R1: 33.9 kHz. Also keeps the converter's sampling capacitor off the op amp's output.
Capacitor,100nF X7R,1,Through hole,C2,Op amp decoupling. At the supply pin.
Capacitor,(confirm),1,Through hole,C3,Coupling capacitor on the AC branch. Value not recorded — read it off the board.
Resistor,(confirm),2,Through hole,R2 R3,Bias divider to mid rail on the AC branch. Values not recorded — read them off the board.
Jumper,2.54mm,1,,J1,Selects the follower's input: the AC branch or the input direct.
Breadboard,830 tie point or larger,1,,,
Jumper wire,Assorted,1 set,,,
