Reference,Value,Footprint,DNP,Datasheet
C1,6.8p C0G,PiLyzer:C_0603_1608Metric,no,
C4,82p C0G,PiLyzer:C_0603_1608Metric,no,
C6,1n C0G,PiLyzer:C_0603_1608Metric,no,
C7,1n C0G,PiLyzer:C_0603_1608Metric,no,
C8,6.8p C0G,PiLyzer:C_0603_1608Metric,no,
C9,82p C0G,PiLyzer:C_0603_1608Metric,no,
C10,1n C0G,PiLyzer:C_0603_1608Metric,no,
C11,1n C0G,PiLyzer:C_0603_1608Metric,no,
C12,100n X7R,PiLyzer:C_0603_1608Metric,no,
C13,100n X7R,PiLyzer:C_0603_1608Metric,no,
C14,10u X7R,PiLyzer:C_0805_2012Metric,no,
C15,1u X7R,PiLyzer:C_0603_1608Metric,no,
C16,6.8p C0G,PiLyzer:C_0603_1608Metric,no,
C17,82p C0G,PiLyzer:C_0603_1608Metric,no,
C18,1n C0G,PiLyzer:C_0603_1608Metric,no,
C19,1n C0G,PiLyzer:C_0603_1608Metric,no,
C20,100n X7R,PiLyzer:C_0603_1608Metric,no,
C21,2.2n C0G,PiLyzer:C_0603_1608Metric,no,
C22,2.2n C0G,PiLyzer:C_0603_1608Metric,no,
C23,2.2n C0G,PiLyzer:C_0603_1608Metric,no,
C24,100n X7R,PiLyzer:C_0603_1608Metric,no,
D1,BAV199,PiLyzer:SOT-23,no,https://assets.nexperia.com/documents/data-sheet/BAV199.pdf
D2,BAV199,PiLyzer:SOT-23,no,https://assets.nexperia.com/documents/data-sheet/BAV199.pdf
D3,BAV199,PiLyzer:SOT-23,no,https://assets.nexperia.com/documents/data-sheet/BAV199.pdf
D5,TVS DNP,PiLyzer:D_SOD-323,yes,
D6,TVS DNP,PiLyzer:D_SOD-323,yes,
D7,TVS DNP,PiLyzer:D_SOD-323,yes,
J3,Input header,PiLyzer:PinHeader_1x02_P2.54mm_Vertical,no,
J4,Input header,PiLyzer:PinHeader_1x02_P2.54mm_Vertical,no,
J5,Logic D0–D7 + GND,PiLyzer:PinHeader_1x10_P2.54mm_Vertical,no,
J6,Pico 2 socket,PiLyzer:PinSocket_1x20_P2.54mm_Vertical,no,
J7,Pico 2 socket,PiLyzer:PinSocket_1x20_P2.54mm_Vertical,no,
J10,Input header,PiLyzer:PinHeader_1x02_P2.54mm_Vertical,no,
R1,499k 1%,PiLyzer:R_0805_2012Metric,no,
R2,499k 1%,PiLyzer:R_0805_2012Metric,no,
R3,125k 1%,PiLyzer:R_0805_2012Metric,no,
R4,143k 1%,PiLyzer:R_0805_2012Metric,no,
R5,2.67k 1%,PiLyzer:R_0805_2012Metric,no,
R6,2.67k 1%,PiLyzer:R_0805_2012Metric,no,
R7,10k 0.1%,PiLyzer:R_0805_2012Metric,no,
R8,2.67k 0.1%,PiLyzer:R_0805_2012Metric,no,
R9,499k 1%,PiLyzer:R_0805_2012Metric,no,
R10,499k 1%,PiLyzer:R_0805_2012Metric,no,
R11,125k 1%,PiLyzer:R_0805_2012Metric,no,
R12,143k 1%,PiLyzer:R_0805_2012Metric,no,
R13,2.67k 1%,PiLyzer:R_0805_2012Metric,no,
R14,2.67k 1%,PiLyzer:R_0805_2012Metric,no,
R15,10k 0.1%,PiLyzer:R_0805_2012Metric,no,
R16,2.67k 0.1%,PiLyzer:R_0805_2012Metric,no,
R17,10k 0.1%,PiLyzer:R_0805_2012Metric,no,
R18,10k 0.1%,PiLyzer:R_0805_2012Metric,no,
R19,330R 1%,PiLyzer:R_0805_2012Metric,no,
R20,330R 1%,PiLyzer:R_0805_2012Metric,no,
R21,330R 1%,PiLyzer:R_0805_2012Metric,no,
R22,330R 1%,PiLyzer:R_0805_2012Metric,no,
R23,330R 1%,PiLyzer:R_0805_2012Metric,no,
R24,330R 1%,PiLyzer:R_0805_2012Metric,no,
R25,330R 1%,PiLyzer:R_0805_2012Metric,no,
R26,330R 1%,PiLyzer:R_0805_2012Metric,no,
R27,100k DNP,PiLyzer:R_0805_2012Metric,yes,
R28,100k DNP,PiLyzer:R_0805_2012Metric,yes,
R29,100k DNP,PiLyzer:R_0805_2012Metric,yes,
R30,100k DNP,PiLyzer:R_0805_2012Metric,yes,
R31,100k DNP,PiLyzer:R_0805_2012Metric,yes,
R32,100k DNP,PiLyzer:R_0805_2012Metric,yes,
R33,100k DNP,PiLyzer:R_0805_2012Metric,yes,
R34,100k DNP,PiLyzer:R_0805_2012Metric,yes,
R35,100R 1%,PiLyzer:R_0805_2012Metric,no,
R36,499k 1%,PiLyzer:R_0805_2012Metric,no,
R37,499k 1%,PiLyzer:R_0805_2012Metric,no,
R38,125k 1%,PiLyzer:R_0805_2012Metric,no,
R39,143k 1%,PiLyzer:R_0805_2012Metric,no,
R40,2.67k 1%,PiLyzer:R_0805_2012Metric,no,
R41,2.67k 1%,PiLyzer:R_0805_2012Metric,no,
R42,10k 0.1%,PiLyzer:R_0805_2012Metric,no,
R43,2.67k 0.1%,PiLyzer:R_0805_2012Metric,no,
R44,1k 1%,PiLyzer:R_0805_2012Metric,no,
R45,1k 1%,PiLyzer:R_0805_2012Metric,no,
R46,1k 1%,PiLyzer:R_0805_2012Metric,no,
TC1,0.5–3p,PiLyzer:C_Trimmer_Murata_TZC3,no,
TC2,0.5–3p,PiLyzer:C_Trimmer_Murata_TZC3,no,
TC3,0.5–3p,PiLyzer:C_Trimmer_Murata_TZC3,no,
TP1,CH1_NODE,PiLyzer:TestPoint_Plated_Hole_D2.0mm,no,
TP2,CH2_NODE,PiLyzer:TestPoint_Plated_Hole_D2.0mm,no,
TP3,VMID,PiLyzer:TestPoint_Plated_Hole_D2.0mm,no,
TP4,+3V3,PiLyzer:TestPoint_Plated_Hole_D2.0mm,no,
TP5,GND,PiLyzer:TestPoint_Plated_Hole_D2.0mm,no,
TP6,TEST_OUT,PiLyzer:TestPoint_Plated_Hole_D2.0mm,no,
TP7,CH3_NODE,PiLyzer:TestPoint_Plated_Hole_D2.0mm,no,
U1,TLV9064IDR,PiLyzer:SOIC-14_3.9x8.7mm_P1.27mm,no,https://www.ti.com/lit/ds/symlink/tlv9064.pdf
U2,TS5A23159DGSR,PiLyzer:TSSOP-10_3x3mm_P0.5mm,no,http://www.ti.com/lit/ds/symlink/ts5a23159.pdf
U3,TS5A23159DGSR,PiLyzer:TSSOP-10_3x3mm_P0.5mm,no,http://www.ti.com/lit/ds/symlink/ts5a23159.pdf
U4,TLV9064IDR,PiLyzer:SOIC-14_3.9x8.7mm_P1.27mm,no,
